Id,FirstName,LastName,Address,PhoneNumber
--,---------,--------,-------,-----------
5,Janez,Janez Majkemi,Parlament 12,111111111
6,Natasa,Pirc Musar,Pahorjeva rezidenca 10,123-123-123
7,Ernest,mojster pravi,Kantiška cesta 3001,041613966
8,Marija,Sveta,Nebeška pot 13,123456789
9,Maček,Čefurjevvvv,Čufarjeva 12,031311311
10,Macek ,Muri,Murjevo 12,111111111
14,Bob,Johnson,321 Oak St,1112223333
15,Emily,Davis,654 Pine St,4445556666
16,Michael,Wilson,987 Birch St,7778889999
17,Sophia,Taylor,246 Cedar St,0001112222
18,Chris,Anderson,135 Spruce St,3334445555
19,Olivia,Moore,789 Palm St,8889990000
20,Liam,Thomas,147 Chestnut St,9998887777
21,Ethan,Jackson,369 Walnut St,1233211234
22,Isabella,Martin,951 Willow St,4321234321
23,Daniel,White,753 Ash St,5554443332
24,Emma,Clark,852 Redwood St,2223334445
25,James,Harris,258 Cypress St,4445556667
26,Charlotte,Lewis,741 Poplar St,7778889998
27,John,Doe,123 Main St,1234567890
28,Jane,Smith,456 Elm St,9876543210
29,Alice,Brown,789 Maple Ave,5555555555
30,Bob,Johnson,321 Oak St,1112223333
31,Emily,Davis,654 Pine St,4445556666
32,Michael,Wilson,987 Birch St,7778889999
33,Sophia,Taylor,246 Cedar St,0001112222
34,Chris,Anderson,135 Spruce St,3334445555
35,Olivia,Moore,789 Palm St,8889990000
36,Liam,Thomas,147 Chestnut St,9998887777
37,Ethan,Jackson,369 Walnut St,1233211234
38,Isabella,Martin,951 Willow St,4321234321
39,Daniel,White,753 Ash St,5554443332
40,Emma,Clark,852 Redwood St,2223334445
41,James,Harris,258 Cypress St,4445556667
42,Charlotte,Lewis,741 Poplar St,7778889998
43,John,Doe,123 Main St,1234567890
45,Alice,Brown,789 Maple Ave,5555555555
46,Bob,Johnson,321 Oak St,1112223333
47,Emily,Davis,654 Pine St,4445556666
48,Michael,Wilson,987 Birch St,7778889999
49,Sophia,Taylor,246 Cedar St,0001112222
50,Chris,Anderson,135 Spruce St,3334445555
51,Olivia,Moore,789 Palm St,8889990000
52,Liam,Thomas,147 Chestnut St,9998887777
53,Ethan,Jackson,369 Walnut St,1233211234
54,Isabella,Martin,951 Willow St,4321234321
55,Daniel,White,753 Ash St,5554443332
56,Emma,Clark,852 Redwood St,2223334445
57,James,Harris,258 Cypress St,4445556667
58,Charlotte,Lewis,741 Poplar St,7778889998
59,John,Doe,123 Main St,1234567890
60,Jane,Smith,456 Elm St,9876543210
61,Alice,Brown,789 Maple Ave,5555555555
62,Bob,Johnson,321 Oak St,1112223333
63,Emily,Davis,654 Pine St,4445556666
64,Michael,Wilson,987 Birch St,7778889999
65,Sophia,Taylor,246 Cedar St,0001112222
66,Chris,Anderson,135 Spruce St,3334445555
67,Olivia,Moore,789 Palm St,8889990000
68,Liam,Thomas,147 Chestnut St,9998887777
69,Ethan,Jackson,369 Walnut St,1233211234
70,Isabella,Martin,951 Willow St,4321234321
71,Daniel,White,753 Ash St,5554443332
72,Emma,Clark,852 Redwood St,2223334445
73,James,Harris,258 Cypress St,4445556667
74,Charlotte,Lewis,741 Poplar St,7778889998
75,John,Doe,123 Main St,1234567890
76,Jane,Smith,456 Elm St,9876543210
77,Alice,Brown,789 Maple Ave,5555555555
78,Bob,Johnson,321 Oak St,1112223333
79,Emily,Davis,654 Pine St,4445556666
80,Michael,Wilson,987 Birch St,7778889999
81,Sophia,Taylor,246 Cedar St,0001112222
82,Chris,Anderson,135 Spruce St,3334445555
83,Olivia,Moore,789 Palm St,8889990000
84,Liam,Thomas,147 Chestnut St,9998887777
85,Ethan,Jackson,369 Walnut St,1233211234
86,Isabella,Martin,951 Willow St,4321234321
87,Daniel,White,753 Ash St,5554443332
88,Emma,Clark,852 Redwood St,2223334445
89,James,Harris,258 Cypress St,4445556667
90,Charlotte,Lewis,741 Poplar St,7778889998
91,John,Doe,123 Main St,1234567890
92,Jane,Smith,456 Elm St,9876543210
93,Alice,Brown,789 Maple Ave,5555555555
94,Bob,Johnson,321 Oak St,1112223333
95,Emily,Davis,654 Pine St,4445556666
96,Michael,Wilson,987 Birch St,7778889999
97,Sophia,Taylor,246 Cedar St,0001112222
98,Chris,Anderson,135 Spruce St,3334445555
99,Olivia,Moore,789 Palm St,8889990000
100,Liam,Thomas,147 Chestnut St,9998887777
101,Ethan,Jackson,369 Walnut St,1233211234
102,Isabella,Martin,951 Willow St,4321234321
103,Daniel,White,753 Ash St,5554443332
104,Emma,Clark,852 Redwood St,2223334445
105,James,Harris,258 Cypress St,4445556667
106,Charlotte,Lewis,741 Poplar St,7778889998
107,John,Doe,123 Main St,1234567890
108,Jane,Smith,456 Elm St,9876543210
109,Alice,Brown,789 Maple Ave,5555555555
110,Bob,Johnson,321 Oak St,1112223333
111,Emily,Davis,654 Pine St,4445556666
112,Michael,Wilson,987 Birch St,7778889999
113,Sophia,Taylor,246 Cedar St,0001112222
114,Chris,Anderson,135 Spruce St,3334445555
115,Olivia,Moore,789 Palm St,8889990000
116,Liam,Thomas,147 Chestnut St,9998887777
117,Ethan,Jackson,369 Walnut St,1233211234
118,Isabella,Martin,951 Willow St,4321234321
119,Daniel,White,753 Ash St,5554443332
120,Emma,Clark,852 Redwood St,2223334445
121,James,Harris,258 Cypress St,4445556667
122,Charlotte,Lewis,741 Poplar St,7778889998
123,John,Doe,123 Main St,1234567890
124,Jane,Smith,456 Elm St,9876543210
125,Alice,Brown,789 Maple Ave,5555555555
126,Bob,Johnson,321 Oak St,1112223333
127,Emily,Davis,654 Pine St,4445556666
128,Michael,Wilson,987 Birch St,7778889999
129,Sophia,Taylor,246 Cedar St,0001112222
130,Chris,Anderson,135 Spruce St,3334445555
131,Olivia,Moore,789 Palm St,8889990000
132,Liam,Thomas,147 Chestnut St,9998887777
133,Ethan,Jackson,369 Walnut St,1233211234
134,Isabella,Martin,951 Willow St,4321234321
135,Daniel,White,753 Ash St,5554443332
136,Emma,Clark,852 Redwood St,2223334445
137,James,Harris,258 Cypress St,4445556667
138,Charlotte,Lewis,741 Poplar St,7778889998
139,John,Doe,123 Main St,1234567890
140,Jane,Smith,456 Elm St,9876543210
141,Alice,Brown,789 Maple Ave,5555555555
142,Bob,Johnson,321 Oak St,1112223333
143,Emily,Davis,654 Pine St,4445556666
144,Michael,Wilson,987 Birch St,7778889999
145,Sophia,Taylor,246 Cedar St,0001112222
146,Chris,Anderson,135 Spruce St,3334445555
147,Olivia,Moore,789 Palm St,8889990000
148,Liam,Thomas,147 Chestnut St,9998887777
149,Ethan,Jackson,369 Walnut St,1233211234
150,Isabella,Martin,951 Willow St,4321234321
151,Daniel,White,753 Ash St,5554443332
152,Emma,Clark,852 Redwood St,2223334445
153,James,Harris,258 Cypress St,4445556667
154,Charlotte,Lewis,741 Poplar St,7778889998
155,John,Doe,123 Main St,1234567890
156,Jane,Smith,456 Elm St,9876543210
157,Alice,Brown,789 Maple Ave,5555555555
158,Bob,Johnson,321 Oak St,1112223333
159,Emily,Davis,654 Pine St,4445556666
160,Michael,Wilson,987 Birch St,7778889999
161,Sophia,Taylor,246 Cedar St,0001112222
162,Chris,Anderson,135 Spruce St,3334445555
163,Olivia,Moore,789 Palm St,8889990000
164,Liam,Thomas,147 Chestnut St,9998887777
165,Ethan,Jackson,369 Walnut St,1233211234
166,Isabella,Martin,951 Willow St,4321234321
167,Daniel,White,753 Ash St,5554443332
168,Emma,Clark,852 Redwood St,2223334445
169,James,Harris,258 Cypress St,4445556667
170,Charlotte,Lewis,741 Poplar St,7778889998
171,John,Doe,123 Main St,1234567890
172,Jane,Smith,456 Elm St,9876543210
173,Alice,Brown,789 Maple Ave,5555555555
174,Bob,Johnson,321 Oak St,1112223333
175,Emily,Davis,654 Pine St,4445556666
176,Michael,Wilson,987 Birch St,7778889999
177,Sophia,Taylor,246 Cedar St,0001112222
178,Chris,Anderson,135 Spruce St,3334445555
179,Olivia,Moore,789 Palm St,8889990000
180,Liam,Thomas,147 Chestnut St,9998887777
181,Ethan,Jackson,369 Walnut St,1233211234
182,Isabella,Martin,951 Willow St,4321234321
183,Daniel,White,753 Ash St,5554443332
184,Emma,Clark,852 Redwood St,2223334445
185,James,Harris,258 Cypress St,4445556667
186,Charlotte,Lewis,741 Poplar St,7778889998
187,John,Doe,123 Main St,1234567890
188,Jane,Smith,456 Elm St,9876543210
189,Alice,Brown,789 Maple Ave,5555555555
190,Bob,Johnson,321 Oak St,1112223333
191,Emily,Davis,654 Pine St,4445556666
192,Michael,Wilson,987 Birch St,7778889999
193,Sophia,Taylor,246 Cedar St,0001112222
194,Chris,Anderson,135 Spruce St,3334445555
195,Olivia,Moore,789 Palm St,8889990000
196,Liam,Thomas,147 Chestnut St,9998887777
197,Ethan,Jackson,369 Walnut St,1233211234
198,Isabella,Martin,951 Willow St,4321234321
199,Daniel,White,753 Ash St,5554443332
200,Emma,Clark,852 Redwood St,2223334445
201,James,Harris,258 Cypress St,4445556667
202,Charlotte,Lewis,741 Poplar St,7778889998
203,John,Doe,123 Main St,1234567890
204,Jane,Smith,456 Elm St,9876543210
205,Alice,Brown,789 Maple Ave,5555555555
207,Emily,Davis,654 Pine St,4445556666
208,Michael,Wilson,987 Birch St,7778889999
209,Sophia,Taylor,246 Cedar St,0001112222
210,Chris,Anderson,135 Spruce St,3334445555
211,Olivia,Moore,789 Palm St,8889990000
212,Liam,Thomas,147 Chestnut St,9998887777
213,Ethan,Jackson,369 Walnut St,1233211234
214,Isabella,Martin,951 Willow St,4321234321
215,Daniel,White,753 Ash St,5554443332
216,Emma,Clark,852 Redwood St,2223334445
217,James,Harris,258 Cypress St,4445556667
218,Charlotte,Lewis,741 Poplar St,7778889998
219,John,Doe,123 Main St,1234567890
220,Jane,Smith,456 Elm St,9876543210
221,Alice,Brown,789 Maple Ave,5555555555
222,Bob,Johnson,321 Oak St,1112223333
223,Emily,Davis,654 Pine St,4445556666
224,Michael,Wilson,987 Birch St,7778889999
225,Sophia,Taylor,246 Cedar St,0001112222
226,Chris,Anderson,135 Spruce St,3334445555
227,Olivia,Moore,789 Palm St,8889990000
228,Liam,Thomas,147 Chestnut St,9998887777
229,Ethan,Jackson,369 Walnut St,1233211234
230,Isabella,Martin,951 Willow St,4321234321
231,Daniel,White,753 Ash St,5554443332
232,Emma,Clark,852 Redwood St,2223334445
233,James,Harris,258 Cypress St,4445556667
234,Charlotte,Lewis,741 Poplar St,7778889998
235,John,Doe,123 Main St,1234567890
236,Jane,Smith,456 Elm St,9876543210
237,Alice,Brown,789 Maple Ave,5555555555
238,Bob,Johnson,321 Oak St,1112223333
239,Emily,Davis,654 Pine St,4445556666
240,Michael,Wilson,987 Birch St,7778889999
241,Sophia,Taylor,246 Cedar St,0001112222
242,Chris,Anderson,135 Spruce St,3334445555
243,Olivia,Moore,789 Palm St,8889990000
244,Liam,Thomas,147 Chestnut St,9998887777
245,Ethan,Jackson,369 Walnut St,1233211234
246,Isabella,Martin,951 Willow St,4321234321
247,Daniel,White,753 Ash St,5554443332
248,Emma,Clark,852 Redwood St,2223334445
249,James,Harris,258 Cypress St,4445556667
250,Charlotte,Lewis,741 Poplar St,7778889998
1011,Baraba,Babja,Hudomušna cesta 13,113112911
1012,a,a,a,11
1013,aaa,aaa,aaa,aaa
1014,a,a,a,aa
1015,c,c,c,1111
1016,c,c,c,2222222
1017,c,c,c,alsdkasdlk
1018,a,a,a,a12

(249 rows affected)
